{
  "train": {
    "mae": 0.5738910972200378,
    "rmse": 0.7660901246118973,
    "r2": 0.998389333476928,
    "mape": 0.09077156629715334
  },
  "test": {
    "mae": 0.5853335313525064,
    "rmse": 0.7787013452734312,
    "r2": 0.9983120688867495,
    "mape": 0.09237160363530404
  },
  "timestamp": "2025-10-25T13:02:14.841225"
}