{
  "train": {
    "mae": 0.01956212781252814,
    "rmse": 0.8127607310669376,
    "r2": 0.998187110520556,
    "mape": 0.00016978568703098716
  },
  "test": {
    "mae": 0.02643086112451478,
    "rmse": 0.7598323714241154,
    "r2": 0.9983928794566056,
    "mape": 0.000353415625593725
  },
  "timestamp": "2025-10-25T13:01:02.614033"
}