{
  "train": {
    "mae": 0.07095355715484929,
    "rmse": 0.2678860992294215,
    "r2": 0.9998030544098526,
    "mape": 0.0037913194543722794
  },
  "test": {
    "mae": 0.08139221554883717,
    "rmse": 0.518753783856065,
    "r2": 0.9992509075435935,
    "mape": 0.003990786202839698
  },
  "timestamp": "2025-10-25T13:00:18.835278"
}